text,sentiment
"I love this product! It's amazing and works perfectly.",positive
"This is the best thing I've ever bought. Highly recommended!",positive
"Excellent quality and great customer service. Very satisfied!",positive
"Absolutely fantastic! Exceeded all my expectations.",positive
"I'm so happy with this purchase. Worth every penny!",positive
"Great experience overall. Would definitely buy again.",positive
"Outstanding performance and reliability. Love it!",positive
"Perfect! Exactly what I was looking for.",positive
"Amazing quality and fast shipping. Very impressed!",positive
"This product changed my life. Thank you so much!",positive
"The weather is okay today, nothing special.",neutral
"Just another regular day at the office.",neutral
"The product works as expected, nothing more.",neutral
"It's fine, I guess. Does the job.",neutral
"Average quality for the price. Nothing extraordinary.",neutral
"The service was acceptable. No complaints.",neutral
"It's neither good nor bad. Just okay.",neutral
"Standard performance. Meets basic requirements.",neutral
"Nothing impressive, but not terrible either.",neutral
"It works. That's about all I can say.",neutral
"This is terrible. I'm very disappointed with the service.",negative
"Worst purchase ever. Complete waste of money.",negative
"Horrible experience. Would not recommend to anyone.",negative
"Product broke after one use. Very poor quality.",negative
"Customer service was rude and unhelpful. Frustrating!",negative
"I regret buying this. Total disappointment.",negative
"Awful quality and overpriced. Stay away!",negative
"Terrible experience from start to finish.",negative
"Doesn't work at all. Completely useless.",negative
"Very poor quality. Not worth the money.",negative
"I absolutely love the new features in this update!",positive
"The team did an amazing job on this project.",positive
"This restaurant has the best food in town!",positive
"Beautiful scenery and perfect weather for hiking.",positive
"The concert was incredible and the atmosphere was electric!",positive
"I'm really impressed with the quality of this service.",positive
"This book is a masterpiece. Couldn't put it down!",positive
"The hotel exceeded all our expectations. Wonderful stay!",positive
"Fast delivery and excellent packaging. Very pleased!",positive
"The customer support team was incredibly helpful!",positive
"The traffic is normal for this time of day.",neutral
"The meeting is scheduled for 3 PM tomorrow.",neutral
"I need to go to the grocery store later.",neutral
"The package should arrive in 2-3 business days.",neutral
"It's supposed to rain this weekend.",neutral
"The train leaves at 8:15 AM from platform 3.",neutral
"I have a dentist appointment next Tuesday.",neutral
"The report is due by the end of the week.",neutral
"The temperature will be around 72 degrees.",neutral
"I need to finish my homework before dinner.",neutral
"The flight was delayed by 3 hours without any explanation.",negative
"The food was cold and the service was extremely slow.",negative
"I waited in line for over an hour for terrible service.",negative
"The product arrived damaged and customer service won't help.",negative
"This is the worst hotel I've ever stayed in.",negative
"The movie was boring and poorly acted.",negative
"I'm sick and tired of all these technical issues.",negative
"The company charged me twice for the same order.",negative
"This app crashes constantly and is unusable.",negative
"The doctor's office lost my medical records.",negative
"Brilliant performance by the entire cast!",positive
"The sunset was absolutely breathtaking tonight.",positive
"I'm so grateful for all the support I received.",positive
"This solution is elegant and perfectly implemented.",positive
"The new design is modern and very user-friendly.",positive
"Outstanding work! Everyone should be proud.",positive
"The results exceeded our wildest expectations.",positive
"I'm thrilled with how everything turned out!",positive
"This is exactly what we needed. Perfect timing!",positive
"The team collaboration was seamless and productive.",positive
"The system requires a password reset every 90 days.",neutral
"Please review the terms and conditions before proceeding.",neutral
"The document contains 15 pages of technical specifications.",neutral
"Your order has been processed and is being prepared.",neutral
"The software update will be available next week.",neutral
"I need to schedule a maintenance check for the equipment.",neutral
"The quarterly report shows mixed results across departments.",neutral
"Please provide your feedback by Friday at 5 PM.",neutral
"The meeting room is located on the third floor.",neutral
"Your subscription will renew automatically next month.",neutral
"The delivery driver left the package in the wrong building.",negative
"I'm extremely frustrated with the constant system crashes.",negative
"The product quality has declined significantly over time.",negative
"Customer support kept transferring me between departments.",negative
"The website is down and nobody is responding to emails.",negative
"I received the wrong item and now it's out of stock.",negative
"The billing department made an error on my invoice.",negative
"This experience has been a complete waste of my time.",negative
"The equipment malfunctioned during the presentation.",negative
"I'm very disappointed with the lack of communication.",negative
"The festival was amazing with great music and food!",positive
"I aced my exam and couldn't be happier!",positive
"The new coffee shop has the best lattes in town!",positive
"My vacation was perfect - beautiful beaches and weather!",positive
"The renovation turned out better than I imagined!",positive
"I got promoted at work today! So excited!",positive
"The wedding was absolutely beautiful and touching.",positive
"This new phone is incredible - fast and feature-rich!",positive
"The gym has great equipment and helpful trainers!",positive
"I'm so proud of my team for winning the championship!",positive
"The bus is running 15 minutes behind schedule.",neutral
"I need to renew my driver's license next month.",neutral
"The package contains fragile items, handle with care.",neutral
"Please submit your expense reports by Friday.",neutral
"The meeting has been rescheduled for next Wednesday.",neutral
"I have a routine dental cleaning tomorrow morning.",neutral
"The software license expires at the end of the quarter.",neutral
"Your reservation is confirmed for table of four.",neutral
"The train station is about two miles from here.",neutral
"I need to update my contact information with HR.",negative
"My luggage was lost and hasn't been found yet.",negative
"The restaurant was overpriced and the portions were tiny.",negative
"I'm stuck in traffic and going to be very late.",negative
"The internet connection keeps dropping every few minutes.",negative
"The mechanic said the repair will cost over $1000.",negative
"I got a parking ticket even though I paid for it.",negative
"The hotel room was dirty and smelled terrible.",negative
"My computer crashed and I lost all my work.",negative
"The flight was canceled and I missed my connection.",negative
"This medication has terrible side effects.",negative
