text,sentiment
I love this product! It's amazing and works perfectly.,positive
This is the best thing I've ever bought. Highly recommended!,positive
Excellent quality and great customer service. Very satisfied!,positive
Absolutely fantastic! Exceeded all my expectations.,positive
I'm so happy with this purchase. Worth every penny!,positive
Great experience overall. Would definitely buy again.,positive
Outstanding performance and reliability. Love it!,positive
Perfect! Exactly what I was looking for.,positive
Amazing quality and fast shipping. Very impressed!,positive
This product changed my life. Thank you so much!,positive
This is terrible. I'm very disappointed with the service.,negative
Worst purchase ever. Complete waste of money.,negative
Horrible experience. Would not recommend to anyone.,negative
Product broke after one use. Very poor quality.,negative
Customer service was rude and unhelpful. Frustrating!,negative
I regret buying this. Total disappointment.,negative
Awful quality and overpriced. Stay away!,negative
Terrible experience from start to finish.,negative
Doesn't work at all. Completely useless.,negative
Very poor quality. Not worth the money.,negative
"The weather is okay today, nothing special.",neutral
Just another regular day at the office.,neutral
"The product works as expected, nothing more.",neutral
"It's fine, I guess. Does the job.",neutral
Average quality for the price. Nothing extraordinary.,neutral
The service was acceptable. No complaints.,neutral
It's neither good nor bad. Just okay.,neutral
Standard performance. Meets basic requirements.,neutral
"Nothing impressive, but not terrible either.",neutral
It works. That's about all I can say.,neutral
